"loss","profit","balance"
"0.001","0.01","-835.0"
"0.002","0.01","-1740.0"
"0.003","0.01","1556.0"
"0.004","0.01","192.0"
"0.005","0.01","-58.0"
"0.006","0.01","-275.0"
"0.007","0.01","-649.0"
"0.008","0.01","-618.0"
"0.009","0.01","-519.0"
"0.01","0.01","-541.0"
"0.011","0.01","-1331.0"
"0.012","0.01","-1026.0"
"0.013","0.01","-398.0"
"0.014","0.01","-52.0"
"0.015","0.01","-79.0"
"0.016","0.01","14.0"
"0.017","0.01","14.0"
"0.018","0.01","14.0"
"0.019","0.01","14.0"
"0.02","0.01","14.0"
"0.021","0.01","14.0"
"0.022","0.01","14.0"
"0.023","0.01","14.0"
"0.024","0.01","14.0"
"0.025","0.01","14.0"
"0.026","0.01","14.0"
"0.027","0.01","14.0"
"0.028","0.01","14.0"
"0.029","0.01","14.0"
"0.03","0.01","14.0"
"0.031","0.01","14.0"
"0.032","0.01","14.0"
"0.033","0.01","14.0"
"0.034","0.01","14.0"
"0.035","0.01","14.0"
"0.036","0.01","14.0"
"0.037","0.01","14.0"
"0.038","0.01","14.0"
"0.039","0.01","14.0"
"0.04","0.01","14.0"
"0.041","0.01","14.0"
"0.042","0.01","14.0"
"0.043","0.01","14.0"
"0.044","0.01","14.0"
"0.045","0.01","14.0"
"0.046","0.01","14.0"
"0.047","0.01","14.0"
"0.048","0.01","14.0"
"0.049","0.01","14.0"
"0.05","0.01","14.0"
"0.051","0.01","14.0"
"0.052","0.01","14.0"
"0.053","0.01","14.0"
"0.054","0.01","14.0"
"0.055","0.01","14.0"
"0.056","0.01","14.0"
"0.057","0.01","14.0"
"0.058","0.01","14.0"
"0.059","0.01","14.0"
"0.06","0.01","14.0"
"0.061","0.01","14.0"
"0.062","0.01","14.0"
"0.063","0.01","14.0"
"0.064","0.01","14.0"
"0.065","0.01","14.0"
"0.066","0.01","14.0"
"0.067","0.01","14.0"
"0.068","0.01","14.0"
"0.069","0.01","14.0"
"0.07","0.01","14.0"
"0.071","0.01","14.0"
"0.072","0.01","14.0"
"0.073","0.01","14.0"
"0.074","0.01","14.0"
"0.075","0.01","14.0"
"0.076","0.01","14.0"
"0.077","0.01","14.0"
"0.078","0.01","14.0"
"0.079","0.01","14.0"
"0.08","0.01","14.0"
"0.081","0.01","14.0"
"0.082","0.01","14.0"
"0.083","0.01","14.0"
"0.084","0.01","14.0"
"0.085","0.01","14.0"
"0.086","0.01","14.0"
"0.087","0.01","14.0"
"0.088","0.01","14.0"
"0.089","0.01","14.0"
"0.09","0.01","14.0"
"0.091","0.01","14.0"
"0.092","0.01","14.0"
"0.093","0.01","14.0"
"0.094","0.01","14.0"
"0.095","0.01","14.0"
"0.096","0.01","14.0"
"0.097","0.01","14.0"
"0.098","0.01","14.0"
"0.099","0.01","14.0"
"0.1","0.01","14.0"
"0.001","0.02","458.0"
"0.002","0.02","260.0"
"0.003","0.02","2170.0"
"0.004","0.02","722.0"
"0.005","0.02","899.0"
"0.006","0.02","524.0"
"0.007","0.02","516.0"
"0.008","0.02","603.0"
"0.009","0.02","67.0"
"0.01","0.02","97.0"
"0.011","0.02","194.0"
"0.012","0.02","312.0"
"0.013","0.02","366.0"
"0.014","0.02","712.0"
"0.015","0.02","685.0"
"0.016","0.02","778.0"
"0.017","0.02","778.0"
"0.018","0.02","778.0"
"0.019","0.02","778.0"
"0.02","0.02","778.0"
"0.021","0.02","778.0"
"0.022","0.02","778.0"
"0.023","0.02","778.0"
"0.024","0.02","778.0"
"0.025","0.02","778.0"
"0.026","0.02","778.0"
"0.027","0.02","778.0"
"0.028","0.02","778.0"
"0.029","0.02","778.0"
"0.03","0.02","778.0"
"0.031","0.02","778.0"
"0.032","0.02","778.0"
"0.033","0.02","778.0"
"0.034","0.02","778.0"
"0.035","0.02","778.0"
"0.036","0.02","778.0"
"0.037","0.02","778.0"
"0.038","0.02","778.0"
"0.039","0.02","778.0"
"0.04","0.02","778.0"
"0.041","0.02","778.0"
"0.042","0.02","778.0"
"0.043","0.02","778.0"
"0.044","0.02","778.0"
"0.045","0.02","778.0"
"0.046","0.02","778.0"
"0.047","0.02","778.0"
"0.048","0.02","778.0"
"0.049","0.02","778.0"
"0.05","0.02","778.0"
"0.051","0.02","778.0"
"0.052","0.02","778.0"
"0.053","0.02","778.0"
"0.054","0.02","778.0"
"0.055","0.02","778.0"
"0.056","0.02","778.0"
"0.057","0.02","778.0"
"0.058","0.02","778.0"
"0.059","0.02","778.0"
"0.06","0.02","778.0"
"0.061","0.02","778.0"
"0.062","0.02","778.0"
"0.063","0.02","778.0"
"0.064","0.02","778.0"
"0.065","0.02","778.0"
"0.066","0.02","778.0"
"0.067","0.02","778.0"
"0.068","0.02","778.0"
"0.069","0.02","778.0"
"0.07","0.02","778.0"
"0.071","0.02","778.0"
"0.072","0.02","778.0"
"0.073","0.02","778.0"
"0.074","0.02","778.0"
"0.075","0.02","778.0"
"0.076","0.02","778.0"
"0.077","0.02","778.0"
"0.078","0.02","778.0"
"0.079","0.02","778.0"
"0.08","0.02","778.0"
"0.081","0.02","778.0"
"0.082","0.02","778.0"
"0.083","0.02","778.0"
"0.084","0.02","778.0"
"0.085","0.02","778.0"
"0.086","0.02","778.0"
"0.087","0.02","778.0"
"0.088","0.02","778.0"
"0.089","0.02","778.0"
"0.09","0.02","778.0"
"0.091","0.02","778.0"
"0.092","0.02","778.0"
"0.093","0.02","778.0"
"0.094","0.02","778.0"
"0.095","0.02","778.0"
"0.096","0.02","778.0"
"0.097","0.02","778.0"
"0.098","0.02","778.0"
"0.099","0.02","778.0"
"0.1","0.02","778.0"
"0.001","0.03","717.0"
"0.002","0.03","476.0"
"0.003","0.03","1880.0"
"0.004","0.03","558.0"
"0.005","0.03","737.0"
"0.006","0.03","322.0"
"0.007","0.03","226.0"
"0.008","0.03","294.0"
"0.009","0.03","-216.0"
"0.01","0.03","-159.0"
"0.011","0.03","-85.0"
"0.012","0.03","179.0"
"0.013","0.03","66.0"
"0.014","0.03","412.0"
"0.015","0.03","384.0"
"0.016","0.03","477.0"
"0.017","0.03","477.0"
"0.018","0.03","477.0"
"0.019","0.03","477.0"
"0.02","0.03","477.0"
"0.021","0.03","477.0"
"0.022","0.03","477.0"
"0.023","0.03","477.0"
"0.024","0.03","477.0"
"0.025","0.03","477.0"
"0.026","0.03","477.0"
"0.027","0.03","477.0"
"0.028","0.03","477.0"
"0.029","0.03","477.0"
"0.03","0.03","477.0"
"0.031","0.03","477.0"
"0.032","0.03","477.0"
"0.033","0.03","477.0"
"0.034","0.03","477.0"
"0.035","0.03","477.0"
"0.036","0.03","477.0"
"0.037","0.03","477.0"
"0.038","0.03","477.0"
"0.039","0.03","477.0"
"0.04","0.03","477.0"
"0.041","0.03","477.0"
"0.042","0.03","477.0"
"0.043","0.03","477.0"
"0.044","0.03","477.0"
"0.045","0.03","477.0"
"0.046","0.03","477.0"
"0.047","0.03","477.0"
"0.048","0.03","477.0"
"0.049","0.03","477.0"
"0.05","0.03","477.0"
"0.051","0.03","477.0"
"0.052","0.03","477.0"
"0.053","0.03","477.0"
"0.054","0.03","477.0"
"0.055","0.03","477.0"
"0.056","0.03","477.0"
"0.057","0.03","477.0"
"0.058","0.03","477.0"
"0.059","0.03","477.0"
"0.06","0.03","477.0"
"0.061","0.03","477.0"
"0.062","0.03","477.0"
"0.063","0.03","477.0"
"0.064","0.03","477.0"
"0.065","0.03","477.0"
"0.066","0.03","477.0"
"0.067","0.03","477.0"
"0.068","0.03","477.0"
"0.069","0.03","477.0"
"0.07","0.03","477.0"
"0.071","0.03","477.0"
"0.072","0.03","477.0"
"0.073","0.03","477.0"
"0.074","0.03","477.0"
"0.075","0.03","477.0"
"0.076","0.03","477.0"
"0.077","0.03","477.0"
"0.078","0.03","477.0"
"0.079","0.03","477.0"
"0.08","0.03","477.0"
"0.081","0.03","477.0"
"0.082","0.03","477.0"
"0.083","0.03","477.0"
"0.084","0.03","477.0"
"0.085","0.03","477.0"
"0.086","0.03","477.0"
"0.087","0.03","477.0"
"0.088","0.03","477.0"
"0.089","0.03","477.0"
"0.09","0.03","477.0"
"0.091","0.03","477.0"
"0.092","0.03","477.0"
"0.093","0.03","477.0"
"0.094","0.03","477.0"
"0.095","0.03","477.0"
"0.096","0.03","477.0"
"0.097","0.03","477.0"
"0.098","0.03","477.0"
"0.099","0.03","477.0"
"0.1","0.03","477.0"
"0.001","0.04","540.0"
"0.002","0.04","530.0"
"0.003","0.04","1944.0"
"0.004","0.04","545.0"
"0.005","0.04","598.0"
"0.006","0.04","147.0"
"0.007","0.04","51.0"
"0.008","0.04","119.0"
"0.009","0.04","-391.0"
"0.01","0.04","-334.0"
"0.011","0.04","-260.0"
"0.012","0.04","4.0"
"0.013","0.04","-109.0"
"0.014","0.04","237.0"
"0.015","0.04","210.0"
"0.016","0.04","302.0"
"0.017","0.04","302.0"
"0.018","0.04","302.0"
"0.019","0.04","302.0"
"0.02","0.04","302.0"
"0.021","0.04","302.0"
"0.022","0.04","302.0"
"0.023","0.04","302.0"
"0.024","0.04","302.0"
"0.025","0.04","302.0"
"0.026","0.04","302.0"
"0.027","0.04","302.0"
"0.028","0.04","302.0"
"0.029","0.04","302.0"
"0.03","0.04","302.0"
"0.031","0.04","302.0"
"0.032","0.04","302.0"
"0.033","0.04","302.0"
"0.034","0.04","302.0"
"0.035","0.04","302.0"
"0.036","0.04","302.0"
"0.037","0.04","302.0"
"0.038","0.04","302.0"
"0.039","0.04","302.0"
"0.04","0.04","302.0"
"0.041","0.04","302.0"
"0.042","0.04","302.0"
"0.043","0.04","302.0"
"0.044","0.04","302.0"
"0.045","0.04","302.0"
"0.046","0.04","302.0"
"0.047","0.04","302.0"
"0.048","0.04","302.0"
"0.049","0.04","302.0"
"0.05","0.04","302.0"
"0.051","0.04","302.0"
"0.052","0.04","302.0"
"0.053","0.04","302.0"
"0.054","0.04","302.0"
"0.055","0.04","302.0"
"0.056","0.04","302.0"
"0.057","0.04","302.0"
"0.058","0.04","302.0"
"0.059","0.04","302.0"
"0.06","0.04","302.0"
"0.061","0.04","302.0"
"0.062","0.04","302.0"
"0.063","0.04","302.0"
"0.064","0.04","302.0"
"0.065","0.04","302.0"
"0.066","0.04","302.0"
"0.067","0.04","302.0"
"0.068","0.04","302.0"
"0.069","0.04","302.0"
"0.07","0.04","302.0"
"0.071","0.04","302.0"
"0.072","0.04","302.0"
"0.073","0.04","302.0"
"0.074","0.04","302.0"
"0.075","0.04","302.0"
"0.076","0.04","302.0"
"0.077","0.04","302.0"
"0.078","0.04","302.0"
"0.079","0.04","302.0"
"0.08","0.04","302.0"
"0.081","0.04","302.0"
"0.082","0.04","302.0"
"0.083","0.04","302.0"
"0.084","0.04","302.0"
"0.085","0.04","302.0"
"0.086","0.04","302.0"
"0.087","0.04","302.0"
"0.088","0.04","302.0"
"0.089","0.04","302.0"
"0.09","0.04","302.0"
"0.091","0.04","302.0"
"0.092","0.04","302.0"
"0.093","0.04","302.0"
"0.094","0.04","302.0"
"0.095","0.04","302.0"
"0.096","0.04","302.0"
"0.097","0.04","302.0"
"0.098","0.04","302.0"
"0.099","0.04","302.0"
"0.1","0.04","302.0"
"0.001","0.05","540.0"
"0.002","0.05","530.0"
"0.003","0.05","1944.0"
"0.004","0.05","545.0"
"0.005","0.05","598.0"
"0.006","0.05","147.0"
"0.007","0.05","51.0"
"0.008","0.05","119.0"
"0.009","0.05","-391.0"
"0.01","0.05","-334.0"
"0.011","0.05","-260.0"
"0.012","0.05","4.0"
"0.013","0.05","-109.0"
"0.014","0.05","237.0"
"0.015","0.05","210.0"
"0.016","0.05","302.0"
"0.017","0.05","302.0"
"0.018","0.05","302.0"
"0.019","0.05","302.0"
"0.02","0.05","302.0"
"0.021","0.05","302.0"
"0.022","0.05","302.0"
"0.023","0.05","302.0"
"0.024","0.05","302.0"
"0.025","0.05","302.0"
"0.026","0.05","302.0"
"0.027","0.05","302.0"
"0.028","0.05","302.0"
"0.029","0.05","302.0"
"0.03","0.05","302.0"
"0.031","0.05","302.0"
"0.032","0.05","302.0"
"0.033","0.05","302.0"
"0.034","0.05","302.0"
"0.035","0.05","302.0"
"0.036","0.05","302.0"
"0.037","0.05","302.0"
"0.038","0.05","302.0"
"0.039","0.05","302.0"
"0.04","0.05","302.0"
"0.041","0.05","302.0"
"0.042","0.05","302.0"
"0.043","0.05","302.0"
"0.044","0.05","302.0"
"0.045","0.05","302.0"
"0.046","0.05","302.0"
"0.047","0.05","302.0"
"0.048","0.05","302.0"
"0.049","0.05","302.0"
"0.05","0.05","302.0"
"0.051","0.05","302.0"
"0.052","0.05","302.0"
"0.053","0.05","302.0"
"0.054","0.05","302.0"
"0.055","0.05","302.0"
"0.056","0.05","302.0"
"0.057","0.05","302.0"
"0.058","0.05","302.0"
"0.059","0.05","302.0"
"0.06","0.05","302.0"
"0.061","0.05","302.0"
"0.062","0.05","302.0"
"0.063","0.05","302.0"
"0.064","0.05","302.0"
"0.065","0.05","302.0"
"0.066","0.05","302.0"
"0.067","0.05","302.0"
"0.068","0.05","302.0"
"0.069","0.05","302.0"
"0.07","0.05","302.0"
"0.071","0.05","302.0"
"0.072","0.05","302.0"
"0.073","0.05","302.0"
"0.074","0.05","302.0"
"0.075","0.05","302.0"
"0.076","0.05","302.0"
"0.077","0.05","302.0"
"0.078","0.05","302.0"
"0.079","0.05","302.0"
"0.08","0.05","302.0"
"0.081","0.05","302.0"
"0.082","0.05","302.0"
"0.083","0.05","302.0"
"0.084","0.05","302.0"
"0.085","0.05","302.0"
"0.086","0.05","302.0"
"0.087","0.05","302.0"
"0.088","0.05","302.0"
"0.089","0.05","302.0"
"0.09","0.05","302.0"
"0.091","0.05","302.0"
"0.092","0.05","302.0"
"0.093","0.05","302.0"
"0.094","0.05","302.0"
"0.095","0.05","302.0"
"0.096","0.05","302.0"
"0.097","0.05","302.0"
"0.098","0.05","302.0"
"0.099","0.05","302.0"
"0.1","0.05","302.0"
"0.001","0.06","540.0"
"0.002","0.06","530.0"
"0.003","0.06","1944.0"
"0.004","0.06","545.0"
"0.005","0.06","598.0"
"0.006","0.06","147.0"
"0.007","0.06","51.0"
"0.008","0.06","119.0"
"0.009","0.06","-391.0"
"0.01","0.06","-334.0"
"0.011","0.06","-260.0"
"0.012","0.06","4.0"
"0.013","0.06","-109.0"
"0.014","0.06","237.0"
"0.015","0.06","210.0"
"0.016","0.06","302.0"
"0.017","0.06","302.0"
"0.018","0.06","302.0"
"0.019","0.06","302.0"
"0.02","0.06","302.0"
"0.021","0.06","302.0"
"0.022","0.06","302.0"
"0.023","0.06","302.0"
"0.024","0.06","302.0"
"0.025","0.06","302.0"
"0.026","0.06","302.0"
"0.027","0.06","302.0"
"0.028","0.06","302.0"
"0.029","0.06","302.0"
"0.03","0.06","302.0"
"0.031","0.06","302.0"
"0.032","0.06","302.0"
"0.033","0.06","302.0"
"0.034","0.06","302.0"
"0.035","0.06","302.0"
"0.036","0.06","302.0"
"0.037","0.06","302.0"
"0.038","0.06","302.0"
"0.039","0.06","302.0"
"0.04","0.06","302.0"
"0.041","0.06","302.0"
"0.042","0.06","302.0"
"0.043","0.06","302.0"
"0.044","0.06","302.0"
"0.045","0.06","302.0"
"0.046","0.06","302.0"
"0.047","0.06","302.0"
"0.048","0.06","302.0"
"0.049","0.06","302.0"
"0.05","0.06","302.0"
"0.051","0.06","302.0"
"0.052","0.06","302.0"
"0.053","0.06","302.0"
"0.054","0.06","302.0"
"0.055","0.06","302.0"
"0.056","0.06","302.0"
"0.057","0.06","302.0"
"0.058","0.06","302.0"
"0.059","0.06","302.0"
"0.06","0.06","302.0"
"0.061","0.06","302.0"
"0.062","0.06","302.0"
"0.063","0.06","302.0"
"0.064","0.06","302.0"
"0.065","0.06","302.0"
"0.066","0.06","302.0"
"0.067","0.06","302.0"
"0.068","0.06","302.0"
"0.069","0.06","302.0"
"0.07","0.06","302.0"
"0.071","0.06","302.0"
"0.072","0.06","302.0"
"0.073","0.06","302.0"
"0.074","0.06","302.0"
"0.075","0.06","302.0"
"0.076","0.06","302.0"
"0.077","0.06","302.0"
"0.078","0.06","302.0"
"0.079","0.06","302.0"
"0.08","0.06","302.0"
"0.081","0.06","302.0"
"0.082","0.06","302.0"
"0.083","0.06","302.0"
"0.084","0.06","302.0"
"0.085","0.06","302.0"
"0.086","0.06","302.0"
"0.087","0.06","302.0"
"0.088","0.06","302.0"
"0.089","0.06","302.0"
"0.09","0.06","302.0"
"0.091","0.06","302.0"
"0.092","0.06","302.0"
"0.093","0.06","302.0"
"0.094","0.06","302.0"
"0.095","0.06","302.0"
"0.096","0.06","302.0"
"0.097","0.06","302.0"
"0.098","0.06","302.0"
"0.099","0.06","302.0"
"0.1","0.06","302.0"
"0.001","0.07","540.0"
"0.002","0.07","530.0"
"0.003","0.07","1944.0"
"0.004","0.07","545.0"
"0.005","0.07","598.0"
"0.006","0.07","147.0"
"0.007","0.07","51.0"
"0.008","0.07","119.0"
"0.009","0.07","-391.0"
"0.01","0.07","-334.0"
"0.011","0.07","-260.0"
"0.012","0.07","4.0"
"0.013","0.07","-109.0"
"0.014","0.07","237.0"
"0.015","0.07","210.0"
"0.016","0.07","302.0"
"0.017","0.07","302.0"
"0.018","0.07","302.0"
"0.019","0.07","302.0"
"0.02","0.07","302.0"
"0.021","0.07","302.0"
"0.022","0.07","302.0"
"0.023","0.07","302.0"
"0.024","0.07","302.0"
"0.025","0.07","302.0"
"0.026","0.07","302.0"
"0.027","0.07","302.0"
"0.028","0.07","302.0"
"0.029","0.07","302.0"
"0.03","0.07","302.0"
"0.031","0.07","302.0"
"0.032","0.07","302.0"
"0.033","0.07","302.0"
"0.034","0.07","302.0"
"0.035","0.07","302.0"
"0.036","0.07","302.0"
"0.037","0.07","302.0"
"0.038","0.07","302.0"
"0.039","0.07","302.0"
"0.04","0.07","302.0"
"0.041","0.07","302.0"
"0.042","0.07","302.0"
"0.043","0.07","302.0"
"0.044","0.07","302.0"
"0.045","0.07","302.0"
"0.046","0.07","302.0"
"0.047","0.07","302.0"
"0.048","0.07","302.0"
"0.049","0.07","302.0"
"0.05","0.07","302.0"
"0.051","0.07","302.0"
"0.052","0.07","302.0"
"0.053","0.07","302.0"
"0.054","0.07","302.0"
"0.055","0.07","302.0"
"0.056","0.07","302.0"
"0.057","0.07","302.0"
"0.058","0.07","302.0"
"0.059","0.07","302.0"
"0.06","0.07","302.0"
"0.061","0.07","302.0"
"0.062","0.07","302.0"
"0.063","0.07","302.0"
"0.064","0.07","302.0"
"0.065","0.07","302.0"
"0.066","0.07","302.0"
"0.067","0.07","302.0"
"0.068","0.07","302.0"
"0.069","0.07","302.0"
"0.07","0.07","302.0"
"0.071","0.07","302.0"
"0.072","0.07","302.0"
"0.073","0.07","302.0"
"0.074","0.07","302.0"
"0.075","0.07","302.0"
"0.076","0.07","302.0"
"0.077","0.07","302.0"
"0.078","0.07","302.0"
"0.079","0.07","302.0"
"0.08","0.07","302.0"
"0.081","0.07","302.0"
"0.082","0.07","302.0"
"0.083","0.07","302.0"
"0.084","0.07","302.0"
"0.085","0.07","302.0"
"0.086","0.07","302.0"
"0.087","0.07","302.0"
"0.088","0.07","302.0"
"0.089","0.07","302.0"
"0.09","0.07","302.0"
"0.091","0.07","302.0"
"0.092","0.07","302.0"
"0.093","0.07","302.0"
"0.094","0.07","302.0"
"0.095","0.07","302.0"
"0.096","0.07","302.0"
"0.097","0.07","302.0"
"0.098","0.07","302.0"
"0.099","0.07","302.0"
"0.1","0.07","302.0"
"0.001","0.08","540.0"
"0.002","0.08","530.0"
"0.003","0.08","1944.0"
"0.004","0.08","545.0"
"0.005","0.08","598.0"
"0.006","0.08","147.0"
"0.007","0.08","51.0"
"0.008","0.08","119.0"
"0.009","0.08","-391.0"
"0.01","0.08","-334.0"
"0.011","0.08","-260.0"
"0.012","0.08","4.0"
"0.013","0.08","-109.0"
"0.014","0.08","237.0"
"0.015","0.08","210.0"
"0.016","0.08","302.0"
"0.017","0.08","302.0"
"0.018","0.08","302.0"
"0.019","0.08","302.0"
"0.02","0.08","302.0"
"0.021","0.08","302.0"
"0.022","0.08","302.0"
"0.023","0.08","302.0"
"0.024","0.08","302.0"
"0.025","0.08","302.0"
"0.026","0.08","302.0"
"0.027","0.08","302.0"
"0.028","0.08","302.0"
"0.029","0.08","302.0"
"0.03","0.08","302.0"
"0.031","0.08","302.0"
"0.032","0.08","302.0"
"0.033","0.08","302.0"
"0.034","0.08","302.0"
"0.035","0.08","302.0"
"0.036","0.08","302.0"
"0.037","0.08","302.0"
"0.038","0.08","302.0"
"0.039","0.08","302.0"
"0.04","0.08","302.0"
"0.041","0.08","302.0"
"0.042","0.08","302.0"
"0.043","0.08","302.0"
"0.044","0.08","302.0"
"0.045","0.08","302.0"
"0.046","0.08","302.0"
"0.047","0.08","302.0"
"0.048","0.08","302.0"
"0.049","0.08","302.0"
"0.05","0.08","302.0"
"0.051","0.08","302.0"
"0.052","0.08","302.0"
"0.053","0.08","302.0"
"0.054","0.08","302.0"
"0.055","0.08","302.0"
"0.056","0.08","302.0"
"0.057","0.08","302.0"
"0.058","0.08","302.0"
"0.059","0.08","302.0"
"0.06","0.08","302.0"
"0.061","0.08","302.0"
"0.062","0.08","302.0"
"0.063","0.08","302.0"
"0.064","0.08","302.0"
"0.065","0.08","302.0"
"0.066","0.08","302.0"
"0.067","0.08","302.0"
"0.068","0.08","302.0"
"0.069","0.08","302.0"
"0.07","0.08","302.0"
"0.071","0.08","302.0"
"0.072","0.08","302.0"
"0.073","0.08","302.0"
"0.074","0.08","302.0"
"0.075","0.08","302.0"
"0.076","0.08","302.0"
"0.077","0.08","302.0"
"0.078","0.08","302.0"
"0.079","0.08","302.0"
"0.08","0.08","302.0"
"0.081","0.08","302.0"
"0.082","0.08","302.0"
"0.083","0.08","302.0"
"0.084","0.08","302.0"
"0.085","0.08","302.0"
"0.086","0.08","302.0"
"0.087","0.08","302.0"
"0.088","0.08","302.0"
"0.089","0.08","302.0"
"0.09","0.08","302.0"
"0.091","0.08","302.0"
"0.092","0.08","302.0"
"0.093","0.08","302.0"
"0.094","0.08","302.0"
"0.095","0.08","302.0"
"0.096","0.08","302.0"
"0.097","0.08","302.0"
"0.098","0.08","302.0"
"0.099","0.08","302.0"
"0.1","0.08","302.0"
"0.001","0.09","540.0"
"0.002","0.09","530.0"
"0.003","0.09","1944.0"
"0.004","0.09","545.0"
"0.005","0.09","598.0"
"0.006","0.09","147.0"
"0.007","0.09","51.0"
"0.008","0.09","119.0"
"0.009","0.09","-391.0"
"0.01","0.09","-334.0"
"0.011","0.09","-260.0"
"0.012","0.09","4.0"
"0.013","0.09","-109.0"
"0.014","0.09","237.0"
"0.015","0.09","210.0"
"0.016","0.09","302.0"
"0.017","0.09","302.0"
"0.018","0.09","302.0"
"0.019","0.09","302.0"
"0.02","0.09","302.0"
"0.021","0.09","302.0"
"0.022","0.09","302.0"
"0.023","0.09","302.0"
"0.024","0.09","302.0"
"0.025","0.09","302.0"
"0.026","0.09","302.0"
"0.027","0.09","302.0"
"0.028","0.09","302.0"
"0.029","0.09","302.0"
"0.03","0.09","302.0"
"0.031","0.09","302.0"
"0.032","0.09","302.0"
"0.033","0.09","302.0"
"0.034","0.09","302.0"
"0.035","0.09","302.0"
"0.036","0.09","302.0"
"0.037","0.09","302.0"
"0.038","0.09","302.0"
"0.039","0.09","302.0"
"0.04","0.09","302.0"
"0.041","0.09","302.0"
"0.042","0.09","302.0"
"0.043","0.09","302.0"
"0.044","0.09","302.0"
"0.045","0.09","302.0"
"0.046","0.09","302.0"
"0.047","0.09","302.0"
"0.048","0.09","302.0"
"0.049","0.09","302.0"
"0.05","0.09","302.0"
"0.051","0.09","302.0"
"0.052","0.09","302.0"
"0.053","0.09","302.0"
"0.054","0.09","302.0"
"0.055","0.09","302.0"
"0.056","0.09","302.0"
"0.057","0.09","302.0"
"0.058","0.09","302.0"
"0.059","0.09","302.0"
"0.06","0.09","302.0"
"0.061","0.09","302.0"
"0.062","0.09","302.0"
"0.063","0.09","302.0"
"0.064","0.09","302.0"
"0.065","0.09","302.0"
"0.066","0.09","302.0"
"0.067","0.09","302.0"
"0.068","0.09","302.0"
"0.069","0.09","302.0"
"0.07","0.09","302.0"
"0.071","0.09","302.0"
"0.072","0.09","302.0"
"0.073","0.09","302.0"
"0.074","0.09","302.0"
"0.075","0.09","302.0"
"0.076","0.09","302.0"
"0.077","0.09","302.0"
"0.078","0.09","302.0"
"0.079","0.09","302.0"
"0.08","0.09","302.0"
"0.081","0.09","302.0"
"0.082","0.09","302.0"
"0.083","0.09","302.0"
"0.084","0.09","302.0"
"0.085","0.09","302.0"
"0.086","0.09","302.0"
"0.087","0.09","302.0"
"0.088","0.09","302.0"
"0.089","0.09","302.0"
"0.09","0.09","302.0"
"0.091","0.09","302.0"
"0.092","0.09","302.0"
"0.093","0.09","302.0"
"0.094","0.09","302.0"
"0.095","0.09","302.0"
"0.096","0.09","302.0"
"0.097","0.09","302.0"
"0.098","0.09","302.0"
"0.099","0.09","302.0"
"0.1","0.09","302.0"
"0.001","0.1","540.0"
"0.002","0.1","530.0"
"0.003","0.1","1944.0"
"0.004","0.1","545.0"
"0.005","0.1","598.0"
"0.006","0.1","147.0"
"0.007","0.1","51.0"
"0.008","0.1","119.0"
"0.009","0.1","-391.0"
"0.01","0.1","-334.0"
"0.011","0.1","-260.0"
"0.012","0.1","4.0"
"0.013","0.1","-109.0"
"0.014","0.1","237.0"
"0.015","0.1","210.0"
"0.016","0.1","302.0"
"0.017","0.1","302.0"
"0.018","0.1","302.0"
"0.019","0.1","302.0"
"0.02","0.1","302.0"
"0.021","0.1","302.0"
"0.022","0.1","302.0"
"0.023","0.1","302.0"
"0.024","0.1","302.0"
"0.025","0.1","302.0"
"0.026","0.1","302.0"
"0.027","0.1","302.0"
"0.028","0.1","302.0"
"0.029","0.1","302.0"
"0.03","0.1","302.0"
"0.031","0.1","302.0"
"0.032","0.1","302.0"
"0.033","0.1","302.0"
"0.034","0.1","302.0"
"0.035","0.1","302.0"
"0.036","0.1","302.0"
"0.037","0.1","302.0"
"0.038","0.1","302.0"
"0.039","0.1","302.0"
"0.04","0.1","302.0"
"0.041","0.1","302.0"
"0.042","0.1","302.0"
"0.043","0.1","302.0"
"0.044","0.1","302.0"
"0.045","0.1","302.0"
"0.046","0.1","302.0"
"0.047","0.1","302.0"
"0.048","0.1","302.0"
"0.049","0.1","302.0"
"0.05","0.1","302.0"
"0.051","0.1","302.0"
"0.052","0.1","302.0"
"0.053","0.1","302.0"
"0.054","0.1","302.0"
"0.055","0.1","302.0"
"0.056","0.1","302.0"
"0.057","0.1","302.0"
"0.058","0.1","302.0"
"0.059","0.1","302.0"
"0.06","0.1","302.0"
"0.061","0.1","302.0"
"0.062","0.1","302.0"
"0.063","0.1","302.0"
"0.064","0.1","302.0"
"0.065","0.1","302.0"
"0.066","0.1","302.0"
"0.067","0.1","302.0"
"0.068","0.1","302.0"
"0.069","0.1","302.0"
"0.07","0.1","302.0"
"0.071","0.1","302.0"
"0.072","0.1","302.0"
"0.073","0.1","302.0"
"0.074","0.1","302.0"
"0.075","0.1","302.0"
"0.076","0.1","302.0"
"0.077","0.1","302.0"
"0.078","0.1","302.0"
"0.079","0.1","302.0"
"0.08","0.1","302.0"
"0.081","0.1","302.0"
"0.082","0.1","302.0"
"0.083","0.1","302.0"
"0.084","0.1","302.0"
"0.085","0.1","302.0"
"0.086","0.1","302.0"
"0.087","0.1","302.0"
"0.088","0.1","302.0"
"0.089","0.1","302.0"
"0.09","0.1","302.0"
"0.091","0.1","302.0"
"0.092","0.1","302.0"
"0.093","0.1","302.0"
"0.094","0.1","302.0"
"0.095","0.1","302.0"
"0.096","0.1","302.0"
"0.097","0.1","302.0"
"0.098","0.1","302.0"
"0.099","0.1","302.0"
"0.1","0.1","302.0"
"0.001","0.11","540.0"
"0.002","0.11","530.0"
"0.003","0.11","1944.0"
"0.004","0.11","545.0"
"0.005","0.11","598.0"
"0.006","0.11","147.0"
"0.007","0.11","51.0"
"0.008","0.11","119.0"
"0.009","0.11","-391.0"
"0.01","0.11","-334.0"
"0.011","0.11","-260.0"
"0.012","0.11","4.0"
"0.013","0.11","-109.0"
"0.014","0.11","237.0"
"0.015","0.11","210.0"
"0.016","0.11","302.0"
"0.017","0.11","302.0"
"0.018","0.11","302.0"
"0.019","0.11","302.0"
"0.02","0.11","302.0"
"0.021","0.11","302.0"
"0.022","0.11","302.0"
"0.023","0.11","302.0"
"0.024","0.11","302.0"
"0.025","0.11","302.0"
"0.026","0.11","302.0"
"0.027","0.11","302.0"
"0.028","0.11","302.0"
"0.029","0.11","302.0"
"0.03","0.11","302.0"
"0.031","0.11","302.0"
"0.032","0.11","302.0"
"0.033","0.11","302.0"
"0.034","0.11","302.0"
"0.035","0.11","302.0"
"0.036","0.11","302.0"
"0.037","0.11","302.0"
"0.038","0.11","302.0"
"0.039","0.11","302.0"
"0.04","0.11","302.0"
"0.041","0.11","302.0"
"0.042","0.11","302.0"
"0.043","0.11","302.0"
"0.044","0.11","302.0"
"0.045","0.11","302.0"
"0.046","0.11","302.0"
"0.047","0.11","302.0"
"0.048","0.11","302.0"
"0.049","0.11","302.0"
"0.05","0.11","302.0"
"0.051","0.11","302.0"
"0.052","0.11","302.0"
"0.053","0.11","302.0"
"0.054","0.11","302.0"
"0.055","0.11","302.0"
"0.056","0.11","302.0"
"0.057","0.11","302.0"
"0.058","0.11","302.0"
"0.059","0.11","302.0"
"0.06","0.11","302.0"
"0.061","0.11","302.0"
"0.062","0.11","302.0"
"0.063","0.11","302.0"
"0.064","0.11","302.0"
"0.065","0.11","302.0"
"0.066","0.11","302.0"
"0.067","0.11","302.0"
"0.068","0.11","302.0"
"0.069","0.11","302.0"
"0.07","0.11","302.0"
"0.071","0.11","302.0"
"0.072","0.11","302.0"
"0.073","0.11","302.0"
"0.074","0.11","302.0"
"0.075","0.11","302.0"
"0.076","0.11","302.0"
"0.077","0.11","302.0"
"0.078","0.11","302.0"
"0.079","0.11","302.0"
"0.08","0.11","302.0"
"0.081","0.11","302.0"
"0.082","0.11","302.0"
"0.083","0.11","302.0"
"0.084","0.11","302.0"
"0.085","0.11","302.0"
"0.086","0.11","302.0"
"0.087","0.11","302.0"
"0.088","0.11","302.0"
"0.089","0.11","302.0"
"0.09","0.11","302.0"
"0.091","0.11","302.0"
"0.092","0.11","302.0"
"0.093","0.11","302.0"
"0.094","0.11","302.0"
"0.095","0.11","302.0"
"0.096","0.11","302.0"
"0.097","0.11","302.0"
"0.098","0.11","302.0"
"0.099","0.11","302.0"
"0.1","0.11","302.0"
"0.001","0.12","540.0"
"0.002","0.12","530.0"
"0.003","0.12","1944.0"
"0.004","0.12","545.0"
"0.005","0.12","598.0"
"0.006","0.12","147.0"
"0.007","0.12","51.0"
"0.008","0.12","119.0"
"0.009","0.12","-391.0"
"0.01","0.12","-334.0"
"0.011","0.12","-260.0"
"0.012","0.12","4.0"
"0.013","0.12","-109.0"
"0.014","0.12","237.0"
"0.015","0.12","210.0"
"0.016","0.12","302.0"
"0.017","0.12","302.0"
"0.018","0.12","302.0"
"0.019","0.12","302.0"
"0.02","0.12","302.0"
"0.021","0.12","302.0"
"0.022","0.12","302.0"
"0.023","0.12","302.0"
"0.024","0.12","302.0"
"0.025","0.12","302.0"
"0.026","0.12","302.0"
"0.027","0.12","302.0"
"0.028","0.12","302.0"
"0.029","0.12","302.0"
"0.03","0.12","302.0"
"0.031","0.12","302.0"
"0.032","0.12","302.0"
"0.033","0.12","302.0"
"0.034","0.12","302.0"
"0.035","0.12","302.0"
"0.036","0.12","302.0"
"0.037","0.12","302.0"
"0.038","0.12","302.0"
"0.039","0.12","302.0"
"0.04","0.12","302.0"
"0.041","0.12","302.0"
"0.042","0.12","302.0"
"0.043","0.12","302.0"
"0.044","0.12","302.0"
"0.045","0.12","302.0"
"0.046","0.12","302.0"
"0.047","0.12","302.0"
"0.048","0.12","302.0"
"0.049","0.12","302.0"
"0.05","0.12","302.0"
"0.051","0.12","302.0"
"0.052","0.12","302.0"
"0.053","0.12","302.0"
"0.054","0.12","302.0"
"0.055","0.12","302.0"
"0.056","0.12","302.0"
"0.057","0.12","302.0"
"0.058","0.12","302.0"
"0.059","0.12","302.0"
"0.06","0.12","302.0"
"0.061","0.12","302.0"
"0.062","0.12","302.0"
"0.063","0.12","302.0"
"0.064","0.12","302.0"
"0.065","0.12","302.0"
"0.066","0.12","302.0"
"0.067","0.12","302.0"
"0.068","0.12","302.0"
"0.069","0.12","302.0"
"0.07","0.12","302.0"
"0.071","0.12","302.0"
"0.072","0.12","302.0"
"0.073","0.12","302.0"
"0.074","0.12","302.0"
"0.075","0.12","302.0"
"0.076","0.12","302.0"
"0.077","0.12","302.0"
"0.078","0.12","302.0"
"0.079","0.12","302.0"
"0.08","0.12","302.0"
"0.081","0.12","302.0"
"0.082","0.12","302.0"
"0.083","0.12","302.0"
"0.084","0.12","302.0"
"0.085","0.12","302.0"
"0.086","0.12","302.0"
"0.087","0.12","302.0"
"0.088","0.12","302.0"
"0.089","0.12","302.0"
"0.09","0.12","302.0"
"0.091","0.12","302.0"
"0.092","0.12","302.0"
"0.093","0.12","302.0"
"0.094","0.12","302.0"
"0.095","0.12","302.0"
"0.096","0.12","302.0"
"0.097","0.12","302.0"
"0.098","0.12","302.0"
"0.099","0.12","302.0"
"0.1","0.12","302.0"
"0.001","0.13","540.0"
"0.002","0.13","530.0"
"0.003","0.13","1944.0"
"0.004","0.13","545.0"
"0.005","0.13","598.0"
"0.006","0.13","147.0"
"0.007","0.13","51.0"
"0.008","0.13","119.0"
"0.009","0.13","-391.0"
"0.01","0.13","-334.0"
"0.011","0.13","-260.0"
"0.012","0.13","4.0"
"0.013","0.13","-109.0"
"0.014","0.13","237.0"
"0.015","0.13","210.0"
"0.016","0.13","302.0"
"0.017","0.13","302.0"
"0.018","0.13","302.0"
"0.019","0.13","302.0"
"0.02","0.13","302.0"
"0.021","0.13","302.0"
"0.022","0.13","302.0"
"0.023","0.13","302.0"
"0.024","0.13","302.0"
"0.025","0.13","302.0"
"0.026","0.13","302.0"
"0.027","0.13","302.0"
"0.028","0.13","302.0"
"0.029","0.13","302.0"
"0.03","0.13","302.0"
"0.031","0.13","302.0"
"0.032","0.13","302.0"
"0.033","0.13","302.0"
"0.034","0.13","302.0"
"0.035","0.13","302.0"
"0.036","0.13","302.0"
"0.037","0.13","302.0"
"0.038","0.13","302.0"
"0.039","0.13","302.0"
"0.04","0.13","302.0"
"0.041","0.13","302.0"
"0.042","0.13","302.0"
"0.043","0.13","302.0"
"0.044","0.13","302.0"
"0.045","0.13","302.0"
"0.046","0.13","302.0"
"0.047","0.13","302.0"
"0.048","0.13","302.0"
"0.049","0.13","302.0"
"0.05","0.13","302.0"
"0.051","0.13","302.0"
"0.052","0.13","302.0"
"0.053","0.13","302.0"
"0.054","0.13","302.0"
"0.055","0.13","302.0"
"0.056","0.13","302.0"
"0.057","0.13","302.0"
"0.058","0.13","302.0"
"0.059","0.13","302.0"
"0.06","0.13","302.0"
"0.061","0.13","302.0"
"0.062","0.13","302.0"
"0.063","0.13","302.0"
"0.064","0.13","302.0"
"0.065","0.13","302.0"
"0.066","0.13","302.0"
"0.067","0.13","302.0"
"0.068","0.13","302.0"
"0.069","0.13","302.0"
"0.07","0.13","302.0"
"0.071","0.13","302.0"
"0.072","0.13","302.0"
"0.073","0.13","302.0"
"0.074","0.13","302.0"
"0.075","0.13","302.0"
"0.076","0.13","302.0"
"0.077","0.13","302.0"
"0.078","0.13","302.0"
"0.079","0.13","302.0"
"0.08","0.13","302.0"
"0.081","0.13","302.0"
"0.082","0.13","302.0"
"0.083","0.13","302.0"
"0.084","0.13","302.0"
"0.085","0.13","302.0"
"0.086","0.13","302.0"
"0.087","0.13","302.0"
"0.088","0.13","302.0"
"0.089","0.13","302.0"
"0.09","0.13","302.0"
"0.091","0.13","302.0"
"0.092","0.13","302.0"
"0.093","0.13","302.0"
"0.094","0.13","302.0"
"0.095","0.13","302.0"
"0.096","0.13","302.0"
"0.097","0.13","302.0"
"0.098","0.13","302.0"
"0.099","0.13","302.0"
"0.1","0.13","302.0"
"0.001","0.14","540.0"
"0.002","0.14","530.0"
"0.003","0.14","1944.0"
"0.004","0.14","545.0"
"0.005","0.14","598.0"
"0.006","0.14","147.0"
"0.007","0.14","51.0"
"0.008","0.14","119.0"
"0.009","0.14","-391.0"
"0.01","0.14","-334.0"
"0.011","0.14","-260.0"
"0.012","0.14","4.0"
"0.013","0.14","-109.0"
"0.014","0.14","237.0"
"0.015","0.14","210.0"
"0.016","0.14","302.0"
"0.017","0.14","302.0"
"0.018","0.14","302.0"
"0.019","0.14","302.0"
"0.02","0.14","302.0"
"0.021","0.14","302.0"
"0.022","0.14","302.0"
"0.023","0.14","302.0"
"0.024","0.14","302.0"
"0.025","0.14","302.0"
"0.026","0.14","302.0"
"0.027","0.14","302.0"
"0.028","0.14","302.0"
"0.029","0.14","302.0"
"0.03","0.14","302.0"
"0.031","0.14","302.0"
"0.032","0.14","302.0"
"0.033","0.14","302.0"
"0.034","0.14","302.0"
"0.035","0.14","302.0"
"0.036","0.14","302.0"
"0.037","0.14","302.0"
"0.038","0.14","302.0"
"0.039","0.14","302.0"
"0.04","0.14","302.0"
"0.041","0.14","302.0"
"0.042","0.14","302.0"
"0.043","0.14","302.0"
"0.044","0.14","302.0"
"0.045","0.14","302.0"
"0.046","0.14","302.0"
"0.047","0.14","302.0"
"0.048","0.14","302.0"
"0.049","0.14","302.0"
"0.05","0.14","302.0"
"0.051","0.14","302.0"
"0.052","0.14","302.0"
"0.053","0.14","302.0"
"0.054","0.14","302.0"
"0.055","0.14","302.0"
"0.056","0.14","302.0"
"0.057","0.14","302.0"
"0.058","0.14","302.0"
"0.059","0.14","302.0"
"0.06","0.14","302.0"
"0.061","0.14","302.0"
"0.062","0.14","302.0"
"0.063","0.14","302.0"
"0.064","0.14","302.0"
"0.065","0.14","302.0"
"0.066","0.14","302.0"
"0.067","0.14","302.0"
"0.068","0.14","302.0"
"0.069","0.14","302.0"
"0.07","0.14","302.0"
"0.071","0.14","302.0"
"0.072","0.14","302.0"
"0.073","0.14","302.0"
"0.074","0.14","302.0"
"0.075","0.14","302.0"
"0.076","0.14","302.0"
"0.077","0.14","302.0"
"0.078","0.14","302.0"
"0.079","0.14","302.0"
"0.08","0.14","302.0"
"0.081","0.14","302.0"
"0.082","0.14","302.0"
"0.083","0.14","302.0"
"0.084","0.14","302.0"
"0.085","0.14","302.0"
"0.086","0.14","302.0"
"0.087","0.14","302.0"
"0.088","0.14","302.0"
"0.089","0.14","302.0"
"0.09","0.14","302.0"
"0.091","0.14","302.0"
"0.092","0.14","302.0"
"0.093","0.14","302.0"
"0.094","0.14","302.0"
"0.095","0.14","302.0"
"0.096","0.14","302.0"
"0.097","0.14","302.0"
"0.098","0.14","302.0"
"0.099","0.14","302.0"
"0.1","0.14","302.0"
"0.001","0.15","540.0"
"0.002","0.15","530.0"
"0.003","0.15","1944.0"
"0.004","0.15","545.0"
"0.005","0.15","598.0"
"0.006","0.15","147.0"
"0.007","0.15","51.0"
"0.008","0.15","119.0"
"0.009","0.15","-391.0"
"0.01","0.15","-334.0"
"0.011","0.15","-260.0"
"0.012","0.15","4.0"
"0.013","0.15","-109.0"
"0.014","0.15","237.0"
"0.015","0.15","210.0"
"0.016","0.15","302.0"
"0.017","0.15","302.0"
"0.018","0.15","302.0"
"0.019","0.15","302.0"
"0.02","0.15","302.0"
"0.021","0.15","302.0"
"0.022","0.15","302.0"
"0.023","0.15","302.0"
"0.024","0.15","302.0"
"0.025","0.15","302.0"
"0.026","0.15","302.0"
"0.027","0.15","302.0"
"0.028","0.15","302.0"
"0.029","0.15","302.0"
"0.03","0.15","302.0"
"0.031","0.15","302.0"
"0.032","0.15","302.0"
"0.033","0.15","302.0"
"0.034","0.15","302.0"
"0.035","0.15","302.0"
"0.036","0.15","302.0"
"0.037","0.15","302.0"
"0.038","0.15","302.0"
"0.039","0.15","302.0"
"0.04","0.15","302.0"
"0.041","0.15","302.0"
"0.042","0.15","302.0"
"0.043","0.15","302.0"
"0.044","0.15","302.0"
"0.045","0.15","302.0"
"0.046","0.15","302.0"
"0.047","0.15","302.0"
"0.048","0.15","302.0"
"0.049","0.15","302.0"
"0.05","0.15","302.0"
"0.051","0.15","302.0"
"0.052","0.15","302.0"
"0.053","0.15","302.0"
"0.054","0.15","302.0"
"0.055","0.15","302.0"
"0.056","0.15","302.0"
"0.057","0.15","302.0"
"0.058","0.15","302.0"
"0.059","0.15","302.0"
"0.06","0.15","302.0"
"0.061","0.15","302.0"
"0.062","0.15","302.0"
"0.063","0.15","302.0"
"0.064","0.15","302.0"
"0.065","0.15","302.0"
"0.066","0.15","302.0"
"0.067","0.15","302.0"
"0.068","0.15","302.0"
"0.069","0.15","302.0"
"0.07","0.15","302.0"
"0.071","0.15","302.0"
"0.072","0.15","302.0"
"0.073","0.15","302.0"
"0.074","0.15","302.0"
"0.075","0.15","302.0"
"0.076","0.15","302.0"
"0.077","0.15","302.0"
"0.078","0.15","302.0"
"0.079","0.15","302.0"
"0.08","0.15","302.0"
"0.081","0.15","302.0"
"0.082","0.15","302.0"
"0.083","0.15","302.0"
"0.084","0.15","302.0"
"0.085","0.15","302.0"
"0.086","0.15","302.0"
"0.087","0.15","302.0"
"0.088","0.15","302.0"
"0.089","0.15","302.0"
"0.09","0.15","302.0"
"0.091","0.15","302.0"
"0.092","0.15","302.0"
"0.093","0.15","302.0"
"0.094","0.15","302.0"
"0.095","0.15","302.0"
"0.096","0.15","302.0"
"0.097","0.15","302.0"
"0.098","0.15","302.0"
"0.099","0.15","302.0"
"0.1","0.15","302.0"
"0.001","0.16","540.0"
"0.002","0.16","530.0"
"0.003","0.16","1944.0"
"0.004","0.16","545.0"
"0.005","0.16","598.0"
"0.006","0.16","147.0"
"0.007","0.16","51.0"
"0.008","0.16","119.0"
"0.009","0.16","-391.0"
"0.01","0.16","-334.0"
"0.011","0.16","-260.0"
"0.012","0.16","4.0"
"0.013","0.16","-109.0"
"0.014","0.16","237.0"
"0.015","0.16","210.0"
"0.016","0.16","302.0"
"0.017","0.16","302.0"
"0.018","0.16","302.0"
"0.019","0.16","302.0"
"0.02","0.16","302.0"
"0.021","0.16","302.0"
"0.022","0.16","302.0"
"0.023","0.16","302.0"
"0.024","0.16","302.0"
"0.025","0.16","302.0"
"0.026","0.16","302.0"
"0.027","0.16","302.0"
"0.028","0.16","302.0"
"0.029","0.16","302.0"
"0.03","0.16","302.0"
"0.031","0.16","302.0"
"0.032","0.16","302.0"
"0.033","0.16","302.0"
"0.034","0.16","302.0"
"0.035","0.16","302.0"
"0.036","0.16","302.0"
"0.037","0.16","302.0"
"0.038","0.16","302.0"
"0.039","0.16","302.0"
"0.04","0.16","302.0"
"0.041","0.16","302.0"
"0.042","0.16","302.0"
"0.043","0.16","302.0"
"0.044","0.16","302.0"
"0.045","0.16","302.0"
"0.046","0.16","302.0"
"0.047","0.16","302.0"
"0.048","0.16","302.0"
"0.049","0.16","302.0"
"0.05","0.16","302.0"
"0.051","0.16","302.0"
"0.052","0.16","302.0"
"0.053","0.16","302.0"
"0.054","0.16","302.0"
"0.055","0.16","302.0"
"0.056","0.16","302.0"
"0.057","0.16","302.0"
"0.058","0.16","302.0"
"0.059","0.16","302.0"
"0.06","0.16","302.0"
"0.061","0.16","302.0"
"0.062","0.16","302.0"
"0.063","0.16","302.0"
"0.064","0.16","302.0"
"0.065","0.16","302.0"
"0.066","0.16","302.0"
"0.067","0.16","302.0"
"0.068","0.16","302.0"
"0.069","0.16","302.0"
"0.07","0.16","302.0"
"0.071","0.16","302.0"
"0.072","0.16","302.0"
"0.073","0.16","302.0"
"0.074","0.16","302.0"
"0.075","0.16","302.0"
"0.076","0.16","302.0"
"0.077","0.16","302.0"
"0.078","0.16","302.0"
"0.079","0.16","302.0"
"0.08","0.16","302.0"
"0.081","0.16","302.0"
"0.082","0.16","302.0"
"0.083","0.16","302.0"
"0.084","0.16","302.0"
"0.085","0.16","302.0"
"0.086","0.16","302.0"
"0.087","0.16","302.0"
"0.088","0.16","302.0"
"0.089","0.16","302.0"
"0.09","0.16","302.0"
"0.091","0.16","302.0"
"0.092","0.16","302.0"
"0.093","0.16","302.0"
"0.094","0.16","302.0"
"0.095","0.16","302.0"
"0.096","0.16","302.0"
"0.097","0.16","302.0"
"0.098","0.16","302.0"
"0.099","0.16","302.0"
"0.1","0.16","302.0"
"0.001","0.17","540.0"
"0.002","0.17","530.0"
"0.003","0.17","1944.0"
"0.004","0.17","545.0"
"0.005","0.17","598.0"
"0.006","0.17","147.0"
"0.007","0.17","51.0"
"0.008","0.17","119.0"
"0.009","0.17","-391.0"
"0.01","0.17","-334.0"
"0.011","0.17","-260.0"
"0.012","0.17","4.0"
"0.013","0.17","-109.0"
"0.014","0.17","237.0"
"0.015","0.17","210.0"
"0.016","0.17","302.0"
"0.017","0.17","302.0"
"0.018","0.17","302.0"
"0.019","0.17","302.0"
"0.02","0.17","302.0"
"0.021","0.17","302.0"
"0.022","0.17","302.0"
"0.023","0.17","302.0"
"0.024","0.17","302.0"
"0.025","0.17","302.0"
"0.026","0.17","302.0"
"0.027","0.17","302.0"
"0.028","0.17","302.0"
"0.029","0.17","302.0"
"0.03","0.17","302.0"
"0.031","0.17","302.0"
"0.032","0.17","302.0"
"0.033","0.17","302.0"
"0.034","0.17","302.0"
"0.035","0.17","302.0"
"0.036","0.17","302.0"
"0.037","0.17","302.0"
"0.038","0.17","302.0"
"0.039","0.17","302.0"
"0.04","0.17","302.0"
"0.041","0.17","302.0"
"0.042","0.17","302.0"
"0.043","0.17","302.0"
"0.044","0.17","302.0"
"0.045","0.17","302.0"
"0.046","0.17","302.0"
"0.047","0.17","302.0"
"0.048","0.17","302.0"
"0.049","0.17","302.0"
"0.05","0.17","302.0"
"0.051","0.17","302.0"
"0.052","0.17","302.0"
"0.053","0.17","302.0"
"0.054","0.17","302.0"
"0.055","0.17","302.0"
"0.056","0.17","302.0"
"0.057","0.17","302.0"
"0.058","0.17","302.0"
"0.059","0.17","302.0"
"0.06","0.17","302.0"
"0.061","0.17","302.0"
"0.062","0.17","302.0"
"0.063","0.17","302.0"
"0.064","0.17","302.0"
"0.065","0.17","302.0"
"0.066","0.17","302.0"
"0.067","0.17","302.0"
"0.068","0.17","302.0"
"0.069","0.17","302.0"
"0.07","0.17","302.0"
"0.071","0.17","302.0"
"0.072","0.17","302.0"
"0.073","0.17","302.0"
"0.074","0.17","302.0"
"0.075","0.17","302.0"
"0.076","0.17","302.0"
"0.077","0.17","302.0"
"0.078","0.17","302.0"
"0.079","0.17","302.0"
"0.08","0.17","302.0"
"0.081","0.17","302.0"
"0.082","0.17","302.0"
"0.083","0.17","302.0"
"0.084","0.17","302.0"
"0.085","0.17","302.0"
"0.086","0.17","302.0"
"0.087","0.17","302.0"
"0.088","0.17","302.0"
"0.089","0.17","302.0"
"0.09","0.17","302.0"
"0.091","0.17","302.0"
"0.092","0.17","302.0"
"0.093","0.17","302.0"
"0.094","0.17","302.0"
"0.095","0.17","302.0"
"0.096","0.17","302.0"
"0.097","0.17","302.0"
"0.098","0.17","302.0"
"0.099","0.17","302.0"
"0.1","0.17","302.0"
"0.001","0.18","540.0"
"0.002","0.18","530.0"
"0.003","0.18","1944.0"
"0.004","0.18","545.0"
"0.005","0.18","598.0"
"0.006","0.18","147.0"
"0.007","0.18","51.0"
"0.008","0.18","119.0"
"0.009","0.18","-391.0"
"0.01","0.18","-334.0"
"0.011","0.18","-260.0"
"0.012","0.18","4.0"
"0.013","0.18","-109.0"
"0.014","0.18","237.0"
"0.015","0.18","210.0"
"0.016","0.18","302.0"
"0.017","0.18","302.0"
"0.018","0.18","302.0"
"0.019","0.18","302.0"
"0.02","0.18","302.0"
"0.021","0.18","302.0"
"0.022","0.18","302.0"
"0.023","0.18","302.0"
"0.024","0.18","302.0"
"0.025","0.18","302.0"
"0.026","0.18","302.0"
"0.027","0.18","302.0"
"0.028","0.18","302.0"
"0.029","0.18","302.0"
"0.03","0.18","302.0"
"0.031","0.18","302.0"
"0.032","0.18","302.0"
"0.033","0.18","302.0"
"0.034","0.18","302.0"
"0.035","0.18","302.0"
"0.036","0.18","302.0"
"0.037","0.18","302.0"
"0.038","0.18","302.0"
"0.039","0.18","302.0"
"0.04","0.18","302.0"
"0.041","0.18","302.0"
"0.042","0.18","302.0"
"0.043","0.18","302.0"
"0.044","0.18","302.0"
"0.045","0.18","302.0"
"0.046","0.18","302.0"
"0.047","0.18","302.0"
"0.048","0.18","302.0"
"0.049","0.18","302.0"
"0.05","0.18","302.0"
"0.051","0.18","302.0"
"0.052","0.18","302.0"
"0.053","0.18","302.0"
"0.054","0.18","302.0"
"0.055","0.18","302.0"
"0.056","0.18","302.0"
"0.057","0.18","302.0"
"0.058","0.18","302.0"
"0.059","0.18","302.0"
"0.06","0.18","302.0"
"0.061","0.18","302.0"
"0.062","0.18","302.0"
"0.063","0.18","302.0"
"0.064","0.18","302.0"
"0.065","0.18","302.0"
"0.066","0.18","302.0"
"0.067","0.18","302.0"
"0.068","0.18","302.0"
"0.069","0.18","302.0"
"0.07","0.18","302.0"
"0.071","0.18","302.0"
"0.072","0.18","302.0"
"0.073","0.18","302.0"
"0.074","0.18","302.0"
"0.075","0.18","302.0"
"0.076","0.18","302.0"
"0.077","0.18","302.0"
"0.078","0.18","302.0"
"0.079","0.18","302.0"
"0.08","0.18","302.0"
"0.081","0.18","302.0"
"0.082","0.18","302.0"
"0.083","0.18","302.0"
"0.084","0.18","302.0"
"0.085","0.18","302.0"
"0.086","0.18","302.0"
"0.087","0.18","302.0"
"0.088","0.18","302.0"
"0.089","0.18","302.0"
"0.09","0.18","302.0"
"0.091","0.18","302.0"
"0.092","0.18","302.0"
"0.093","0.18","302.0"
"0.094","0.18","302.0"
"0.095","0.18","302.0"
"0.096","0.18","302.0"
"0.097","0.18","302.0"
"0.098","0.18","302.0"
"0.099","0.18","302.0"
"0.1","0.18","302.0"
"0.001","0.19","540.0"
"0.002","0.19","530.0"
"0.003","0.19","1944.0"
"0.004","0.19","545.0"
"0.005","0.19","598.0"
"0.006","0.19","147.0"
"0.007","0.19","51.0"
"0.008","0.19","119.0"
"0.009","0.19","-391.0"
"0.01","0.19","-334.0"
"0.011","0.19","-260.0"
"0.012","0.19","4.0"
"0.013","0.19","-109.0"
"0.014","0.19","237.0"
"0.015","0.19","210.0"
"0.016","0.19","302.0"
"0.017","0.19","302.0"
"0.018","0.19","302.0"
"0.019","0.19","302.0"
"0.02","0.19","302.0"
"0.021","0.19","302.0"
"0.022","0.19","302.0"
"0.023","0.19","302.0"
"0.024","0.19","302.0"
"0.025","0.19","302.0"
"0.026","0.19","302.0"
"0.027","0.19","302.0"
"0.028","0.19","302.0"
"0.029","0.19","302.0"
"0.03","0.19","302.0"
"0.031","0.19","302.0"
"0.032","0.19","302.0"
"0.033","0.19","302.0"
"0.034","0.19","302.0"
"0.035","0.19","302.0"
"0.036","0.19","302.0"
"0.037","0.19","302.0"
"0.038","0.19","302.0"
"0.039","0.19","302.0"
"0.04","0.19","302.0"
"0.041","0.19","302.0"
"0.042","0.19","302.0"
"0.043","0.19","302.0"
"0.044","0.19","302.0"
"0.045","0.19","302.0"
"0.046","0.19","302.0"
"0.047","0.19","302.0"
"0.048","0.19","302.0"
"0.049","0.19","302.0"
"0.05","0.19","302.0"
"0.051","0.19","302.0"
"0.052","0.19","302.0"
"0.053","0.19","302.0"
"0.054","0.19","302.0"
"0.055","0.19","302.0"
"0.056","0.19","302.0"
"0.057","0.19","302.0"
"0.058","0.19","302.0"
"0.059","0.19","302.0"
"0.06","0.19","302.0"
"0.061","0.19","302.0"
"0.062","0.19","302.0"
"0.063","0.19","302.0"
"0.064","0.19","302.0"
"0.065","0.19","302.0"
"0.066","0.19","302.0"
"0.067","0.19","302.0"
"0.068","0.19","302.0"
"0.069","0.19","302.0"
"0.07","0.19","302.0"
"0.071","0.19","302.0"
"0.072","0.19","302.0"
"0.073","0.19","302.0"
"0.074","0.19","302.0"
"0.075","0.19","302.0"
"0.076","0.19","302.0"
"0.077","0.19","302.0"
"0.078","0.19","302.0"
"0.079","0.19","302.0"
"0.08","0.19","302.0"
"0.081","0.19","302.0"
"0.082","0.19","302.0"
"0.083","0.19","302.0"
"0.084","0.19","302.0"
"0.085","0.19","302.0"
"0.086","0.19","302.0"
"0.087","0.19","302.0"
"0.088","0.19","302.0"
"0.089","0.19","302.0"
"0.09","0.19","302.0"
"0.091","0.19","302.0"
"0.092","0.19","302.0"
"0.093","0.19","302.0"
"0.094","0.19","302.0"
"0.095","0.19","302.0"
"0.096","0.19","302.0"
"0.097","0.19","302.0"
"0.098","0.19","302.0"
"0.099","0.19","302.0"
"0.1","0.19","302.0"
"0.001","0.2","540.0"
"0.002","0.2","530.0"
"0.003","0.2","1944.0"
"0.004","0.2","545.0"
"0.005","0.2","598.0"
"0.006","0.2","147.0"
"0.007","0.2","51.0"
"0.008","0.2","119.0"
"0.009","0.2","-391.0"
"0.01","0.2","-334.0"
"0.011","0.2","-260.0"
"0.012","0.2","4.0"
"0.013","0.2","-109.0"
"0.014","0.2","237.0"
"0.015","0.2","210.0"
"0.016","0.2","302.0"
"0.017","0.2","302.0"
"0.018","0.2","302.0"
"0.019","0.2","302.0"
"0.02","0.2","302.0"
"0.021","0.2","302.0"
"0.022","0.2","302.0"
"0.023","0.2","302.0"
"0.024","0.2","302.0"
"0.025","0.2","302.0"
"0.026","0.2","302.0"
"0.027","0.2","302.0"
"0.028","0.2","302.0"
"0.029","0.2","302.0"
"0.03","0.2","302.0"
"0.031","0.2","302.0"
"0.032","0.2","302.0"
"0.033","0.2","302.0"
"0.034","0.2","302.0"
"0.035","0.2","302.0"
"0.036","0.2","302.0"
"0.037","0.2","302.0"
"0.038","0.2","302.0"
"0.039","0.2","302.0"
"0.04","0.2","302.0"
"0.041","0.2","302.0"
"0.042","0.2","302.0"
"0.043","0.2","302.0"
"0.044","0.2","302.0"
"0.045","0.2","302.0"
"0.046","0.2","302.0"
"0.047","0.2","302.0"
"0.048","0.2","302.0"
"0.049","0.2","302.0"
"0.05","0.2","302.0"
"0.051","0.2","302.0"
"0.052","0.2","302.0"
"0.053","0.2","302.0"
"0.054","0.2","302.0"
"0.055","0.2","302.0"
"0.056","0.2","302.0"
"0.057","0.2","302.0"
"0.058","0.2","302.0"
"0.059","0.2","302.0"
"0.06","0.2","302.0"
"0.061","0.2","302.0"
"0.062","0.2","302.0"
"0.063","0.2","302.0"
"0.064","0.2","302.0"
"0.065","0.2","302.0"
"0.066","0.2","302.0"
"0.067","0.2","302.0"
"0.068","0.2","302.0"
"0.069","0.2","302.0"
"0.07","0.2","302.0"
"0.071","0.2","302.0"
"0.072","0.2","302.0"
"0.073","0.2","302.0"
"0.074","0.2","302.0"
"0.075","0.2","302.0"
"0.076","0.2","302.0"
"0.077","0.2","302.0"
"0.078","0.2","302.0"
"0.079","0.2","302.0"
"0.08","0.2","302.0"
"0.081","0.2","302.0"
"0.082","0.2","302.0"
"0.083","0.2","302.0"
"0.084","0.2","302.0"
"0.085","0.2","302.0"
"0.086","0.2","302.0"
"0.087","0.2","302.0"
"0.088","0.2","302.0"
"0.089","0.2","302.0"
"0.09","0.2","302.0"
"0.091","0.2","302.0"
"0.092","0.2","302.0"
"0.093","0.2","302.0"
"0.094","0.2","302.0"
"0.095","0.2","302.0"
"0.096","0.2","302.0"
"0.097","0.2","302.0"
"0.098","0.2","302.0"
"0.099","0.2","302.0"
"0.1","0.2","302.0"
"0.001","0.21","540.0"
"0.002","0.21","530.0"
"0.003","0.21","1944.0"
"0.004","0.21","545.0"
"0.005","0.21","598.0"
"0.006","0.21","147.0"
"0.007","0.21","51.0"
"0.008","0.21","119.0"
"0.009","0.21","-391.0"
"0.01","0.21","-334.0"
"0.011","0.21","-260.0"
"0.012","0.21","4.0"
"0.013","0.21","-109.0"
"0.014","0.21","237.0"
"0.015","0.21","210.0"
"0.016","0.21","302.0"
"0.017","0.21","302.0"
"0.018","0.21","302.0"
"0.019","0.21","302.0"
"0.02","0.21","302.0"
"0.021","0.21","302.0"
"0.022","0.21","302.0"
"0.023","0.21","302.0"
"0.024","0.21","302.0"
"0.025","0.21","302.0"
"0.026","0.21","302.0"
"0.027","0.21","302.0"
"0.028","0.21","302.0"
"0.029","0.21","302.0"
"0.03","0.21","302.0"
"0.031","0.21","302.0"
"0.032","0.21","302.0"
"0.033","0.21","302.0"
"0.034","0.21","302.0"
"0.035","0.21","302.0"
"0.036","0.21","302.0"
"0.037","0.21","302.0"
"0.038","0.21","302.0"
"0.039","0.21","302.0"
"0.04","0.21","302.0"
"0.041","0.21","302.0"
"0.042","0.21","302.0"
"0.043","0.21","302.0"
"0.044","0.21","302.0"
"0.045","0.21","302.0"
"0.046","0.21","302.0"
"0.047","0.21","302.0"
"0.048","0.21","302.0"
"0.049","0.21","302.0"
"0.05","0.21","302.0"
"0.051","0.21","302.0"
"0.052","0.21","302.0"
"0.053","0.21","302.0"
"0.054","0.21","302.0"
"0.055","0.21","302.0"
"0.056","0.21","302.0"
"0.057","0.21","302.0"
"0.058","0.21","302.0"
"0.059","0.21","302.0"
"0.06","0.21","302.0"
"0.061","0.21","302.0"
"0.062","0.21","302.0"
"0.063","0.21","302.0"
"0.064","0.21","302.0"
"0.065","0.21","302.0"
"0.066","0.21","302.0"
"0.067","0.21","302.0"
"0.068","0.21","302.0"
"0.069","0.21","302.0"
"0.07","0.21","302.0"
"0.071","0.21","302.0"
"0.072","0.21","302.0"
"0.073","0.21","302.0"
"0.074","0.21","302.0"
"0.075","0.21","302.0"
"0.076","0.21","302.0"
"0.077","0.21","302.0"
"0.078","0.21","302.0"
"0.079","0.21","302.0"
"0.08","0.21","302.0"
"0.081","0.21","302.0"
"0.082","0.21","302.0"
"0.083","0.21","302.0"
"0.084","0.21","302.0"
"0.085","0.21","302.0"
"0.086","0.21","302.0"
"0.087","0.21","302.0"
"0.088","0.21","302.0"
"0.089","0.21","302.0"
"0.09","0.21","302.0"
"0.091","0.21","302.0"
"0.092","0.21","302.0"
"0.093","0.21","302.0"
"0.094","0.21","302.0"
"0.095","0.21","302.0"
"0.096","0.21","302.0"
"0.097","0.21","302.0"
"0.098","0.21","302.0"
"0.099","0.21","302.0"
"0.1","0.21","302.0"
"0.001","0.22","540.0"
"0.002","0.22","530.0"
"0.003","0.22","1944.0"
"0.004","0.22","545.0"
"0.005","0.22","598.0"
"0.006","0.22","147.0"
"0.007","0.22","51.0"
"0.008","0.22","119.0"
"0.009","0.22","-391.0"
"0.01","0.22","-334.0"
"0.011","0.22","-260.0"
"0.012","0.22","4.0"
"0.013","0.22","-109.0"
"0.014","0.22","237.0"
"0.015","0.22","210.0"
"0.016","0.22","302.0"
"0.017","0.22","302.0"
"0.018","0.22","302.0"
"0.019","0.22","302.0"
"0.02","0.22","302.0"
"0.021","0.22","302.0"
"0.022","0.22","302.0"
"0.023","0.22","302.0"
"0.024","0.22","302.0"
"0.025","0.22","302.0"
"0.026","0.22","302.0"
"0.027","0.22","302.0"
"0.028","0.22","302.0"
"0.029","0.22","302.0"
"0.03","0.22","302.0"
"0.031","0.22","302.0"
"0.032","0.22","302.0"
"0.033","0.22","302.0"
"0.034","0.22","302.0"
"0.035","0.22","302.0"
"0.036","0.22","302.0"
"0.037","0.22","302.0"
"0.038","0.22","302.0"
"0.039","0.22","302.0"
"0.04","0.22","302.0"
"0.041","0.22","302.0"
"0.042","0.22","302.0"
"0.043","0.22","302.0"
"0.044","0.22","302.0"
"0.045","0.22","302.0"
"0.046","0.22","302.0"
"0.047","0.22","302.0"
"0.048","0.22","302.0"
"0.049","0.22","302.0"
"0.05","0.22","302.0"
"0.051","0.22","302.0"
"0.052","0.22","302.0"
"0.053","0.22","302.0"
"0.054","0.22","302.0"
"0.055","0.22","302.0"
"0.056","0.22","302.0"
"0.057","0.22","302.0"
"0.058","0.22","302.0"
"0.059","0.22","302.0"
"0.06","0.22","302.0"
"0.061","0.22","302.0"
"0.062","0.22","302.0"
"0.063","0.22","302.0"
"0.064","0.22","302.0"
"0.065","0.22","302.0"
"0.066","0.22","302.0"
"0.067","0.22","302.0"
"0.068","0.22","302.0"
"0.069","0.22","302.0"
"0.07","0.22","302.0"
"0.071","0.22","302.0"
"0.072","0.22","302.0"
"0.073","0.22","302.0"
"0.074","0.22","302.0"
"0.075","0.22","302.0"
"0.076","0.22","302.0"
"0.077","0.22","302.0"
"0.078","0.22","302.0"
"0.079","0.22","302.0"
"0.08","0.22","302.0"
"0.081","0.22","302.0"
"0.082","0.22","302.0"
"0.083","0.22","302.0"
"0.084","0.22","302.0"
"0.085","0.22","302.0"
"0.086","0.22","302.0"
"0.087","0.22","302.0"
"0.088","0.22","302.0"
"0.089","0.22","302.0"
"0.09","0.22","302.0"
"0.091","0.22","302.0"
"0.092","0.22","302.0"
"0.093","0.22","302.0"
"0.094","0.22","302.0"
"0.095","0.22","302.0"
"0.096","0.22","302.0"
"0.097","0.22","302.0"
"0.098","0.22","302.0"
"0.099","0.22","302.0"
"0.1","0.22","302.0"
"0.001","0.23","540.0"
"0.002","0.23","530.0"
"0.003","0.23","1944.0"
"0.004","0.23","545.0"
"0.005","0.23","598.0"
"0.006","0.23","147.0"
"0.007","0.23","51.0"
"0.008","0.23","119.0"
"0.009","0.23","-391.0"
"0.01","0.23","-334.0"
"0.011","0.23","-260.0"
"0.012","0.23","4.0"
"0.013","0.23","-109.0"
"0.014","0.23","237.0"
"0.015","0.23","210.0"
"0.016","0.23","302.0"
"0.017","0.23","302.0"
"0.018","0.23","302.0"
"0.019","0.23","302.0"
"0.02","0.23","302.0"
"0.021","0.23","302.0"
"0.022","0.23","302.0"
"0.023","0.23","302.0"
"0.024","0.23","302.0"
"0.025","0.23","302.0"
"0.026","0.23","302.0"
"0.027","0.23","302.0"
"0.028","0.23","302.0"
"0.029","0.23","302.0"
"0.03","0.23","302.0"
"0.031","0.23","302.0"
"0.032","0.23","302.0"
"0.033","0.23","302.0"
"0.034","0.23","302.0"
"0.035","0.23","302.0"
"0.036","0.23","302.0"
"0.037","0.23","302.0"
"0.038","0.23","302.0"
"0.039","0.23","302.0"
"0.04","0.23","302.0"
"0.041","0.23","302.0"
"0.042","0.23","302.0"
"0.043","0.23","302.0"
"0.044","0.23","302.0"
"0.045","0.23","302.0"
"0.046","0.23","302.0"
"0.047","0.23","302.0"
"0.048","0.23","302.0"
"0.049","0.23","302.0"
"0.05","0.23","302.0"
"0.051","0.23","302.0"
"0.052","0.23","302.0"
"0.053","0.23","302.0"
"0.054","0.23","302.0"
"0.055","0.23","302.0"
"0.056","0.23","302.0"
"0.057","0.23","302.0"
"0.058","0.23","302.0"
"0.059","0.23","302.0"
"0.06","0.23","302.0"
"0.061","0.23","302.0"
"0.062","0.23","302.0"
"0.063","0.23","302.0"
"0.064","0.23","302.0"
"0.065","0.23","302.0"
"0.066","0.23","302.0"
"0.067","0.23","302.0"
"0.068","0.23","302.0"
"0.069","0.23","302.0"
"0.07","0.23","302.0"
"0.071","0.23","302.0"
"0.072","0.23","302.0"
"0.073","0.23","302.0"
"0.074","0.23","302.0"
"0.075","0.23","302.0"
"0.076","0.23","302.0"
"0.077","0.23","302.0"
"0.078","0.23","302.0"
"0.079","0.23","302.0"
"0.08","0.23","302.0"
"0.081","0.23","302.0"
"0.082","0.23","302.0"
"0.083","0.23","302.0"
"0.084","0.23","302.0"
"0.085","0.23","302.0"
"0.086","0.23","302.0"
"0.087","0.23","302.0"
"0.088","0.23","302.0"
"0.089","0.23","302.0"
"0.09","0.23","302.0"
"0.091","0.23","302.0"
"0.092","0.23","302.0"
"0.093","0.23","302.0"
"0.094","0.23","302.0"
"0.095","0.23","302.0"
"0.096","0.23","302.0"
"0.097","0.23","302.0"
"0.098","0.23","302.0"
"0.099","0.23","302.0"
"0.1","0.23","302.0"
"0.001","0.24","540.0"
"0.002","0.24","530.0"
"0.003","0.24","1944.0"
"0.004","0.24","545.0"
"0.005","0.24","598.0"
"0.006","0.24","147.0"
"0.007","0.24","51.0"
"0.008","0.24","119.0"
"0.009","0.24","-391.0"
"0.01","0.24","-334.0"
"0.011","0.24","-260.0"
"0.012","0.24","4.0"
"0.013","0.24","-109.0"
"0.014","0.24","237.0"
"0.015","0.24","210.0"
"0.016","0.24","302.0"
"0.017","0.24","302.0"
"0.018","0.24","302.0"
"0.019","0.24","302.0"
"0.02","0.24","302.0"
"0.021","0.24","302.0"
"0.022","0.24","302.0"
"0.023","0.24","302.0"
"0.024","0.24","302.0"
"0.025","0.24","302.0"
"0.026","0.24","302.0"
"0.027","0.24","302.0"
"0.028","0.24","302.0"
"0.029","0.24","302.0"
"0.03","0.24","302.0"
"0.031","0.24","302.0"
"0.032","0.24","302.0"
"0.033","0.24","302.0"
"0.034","0.24","302.0"
"0.035","0.24","302.0"
"0.036","0.24","302.0"
"0.037","0.24","302.0"
"0.038","0.24","302.0"
"0.039","0.24","302.0"
"0.04","0.24","302.0"
"0.041","0.24","302.0"
"0.042","0.24","302.0"
"0.043","0.24","302.0"
"0.044","0.24","302.0"
"0.045","0.24","302.0"
"0.046","0.24","302.0"
"0.047","0.24","302.0"
"0.048","0.24","302.0"
"0.049","0.24","302.0"
"0.05","0.24","302.0"
"0.051","0.24","302.0"
"0.052","0.24","302.0"
"0.053","0.24","302.0"
"0.054","0.24","302.0"
"0.055","0.24","302.0"
"0.056","0.24","302.0"
"0.057","0.24","302.0"
"0.058","0.24","302.0"
"0.059","0.24","302.0"
"0.06","0.24","302.0"
"0.061","0.24","302.0"
"0.062","0.24","302.0"
"0.063","0.24","302.0"
"0.064","0.24","302.0"
"0.065","0.24","302.0"
"0.066","0.24","302.0"
"0.067","0.24","302.0"
"0.068","0.24","302.0"
"0.069","0.24","302.0"
"0.07","0.24","302.0"
"0.071","0.24","302.0"
"0.072","0.24","302.0"
"0.073","0.24","302.0"
"0.074","0.24","302.0"
"0.075","0.24","302.0"
"0.076","0.24","302.0"
"0.077","0.24","302.0"
"0.078","0.24","302.0"
"0.079","0.24","302.0"
"0.08","0.24","302.0"
"0.081","0.24","302.0"
"0.082","0.24","302.0"
"0.083","0.24","302.0"
"0.084","0.24","302.0"
"0.085","0.24","302.0"
"0.086","0.24","302.0"
"0.087","0.24","302.0"
"0.088","0.24","302.0"
"0.089","0.24","302.0"
"0.09","0.24","302.0"
"0.091","0.24","302.0"
"0.092","0.24","302.0"
"0.093","0.24","302.0"
"0.094","0.24","302.0"
"0.095","0.24","302.0"
"0.096","0.24","302.0"
"0.097","0.24","302.0"
"0.098","0.24","302.0"
"0.099","0.24","302.0"
"0.1","0.24","302.0"
"0.001","0.25","540.0"
"0.002","0.25","530.0"
"0.003","0.25","1944.0"
"0.004","0.25","545.0"
"0.005","0.25","598.0"
"0.006","0.25","147.0"
"0.007","0.25","51.0"
"0.008","0.25","119.0"
"0.009","0.25","-391.0"
"0.01","0.25","-334.0"
"0.011","0.25","-260.0"
"0.012","0.25","4.0"
"0.013","0.25","-109.0"
"0.014","0.25","237.0"
"0.015","0.25","210.0"
"0.016","0.25","302.0"
"0.017","0.25","302.0"
"0.018","0.25","302.0"
"0.019","0.25","302.0"
"0.02","0.25","302.0"
"0.021","0.25","302.0"
"0.022","0.25","302.0"
"0.023","0.25","302.0"
"0.024","0.25","302.0"
"0.025","0.25","302.0"
"0.026","0.25","302.0"
"0.027","0.25","302.0"
"0.028","0.25","302.0"
"0.029","0.25","302.0"
"0.03","0.25","302.0"
"0.031","0.25","302.0"
"0.032","0.25","302.0"
"0.033","0.25","302.0"
"0.034","0.25","302.0"
"0.035","0.25","302.0"
"0.036","0.25","302.0"
"0.037","0.25","302.0"
"0.038","0.25","302.0"
"0.039","0.25","302.0"
"0.04","0.25","302.0"
"0.041","0.25","302.0"
"0.042","0.25","302.0"
"0.043","0.25","302.0"
"0.044","0.25","302.0"
"0.045","0.25","302.0"
"0.046","0.25","302.0"
"0.047","0.25","302.0"
"0.048","0.25","302.0"
"0.049","0.25","302.0"
"0.05","0.25","302.0"
"0.051","0.25","302.0"
"0.052","0.25","302.0"
"0.053","0.25","302.0"
"0.054","0.25","302.0"
"0.055","0.25","302.0"
"0.056","0.25","302.0"
"0.057","0.25","302.0"
"0.058","0.25","302.0"
"0.059","0.25","302.0"
"0.06","0.25","302.0"
"0.061","0.25","302.0"
"0.062","0.25","302.0"
"0.063","0.25","302.0"
"0.064","0.25","302.0"
"0.065","0.25","302.0"
"0.066","0.25","302.0"
"0.067","0.25","302.0"
"0.068","0.25","302.0"
"0.069","0.25","302.0"
"0.07","0.25","302.0"
"0.071","0.25","302.0"
"0.072","0.25","302.0"
"0.073","0.25","302.0"
"0.074","0.25","302.0"
"0.075","0.25","302.0"
"0.076","0.25","302.0"
"0.077","0.25","302.0"
"0.078","0.25","302.0"
"0.079","0.25","302.0"
"0.08","0.25","302.0"
"0.081","0.25","302.0"
"0.082","0.25","302.0"
"0.083","0.25","302.0"
"0.084","0.25","302.0"
"0.085","0.25","302.0"
"0.086","0.25","302.0"
"0.087","0.25","302.0"
"0.088","0.25","302.0"
"0.089","0.25","302.0"
"0.09","0.25","302.0"
"0.091","0.25","302.0"
"0.092","0.25","302.0"
"0.093","0.25","302.0"
"0.094","0.25","302.0"
"0.095","0.25","302.0"
"0.096","0.25","302.0"
"0.097","0.25","302.0"
"0.098","0.25","302.0"
"0.099","0.25","302.0"
"0.1","0.25","302.0"
